"Sample","ExhaustionScore","Group"
"GSM764749",3.43070571428571,"Low_exhaustion"
"GSM764750",3.70684571428571,"High_exhaustion"
"GSM764751",4.19414,"High_exhaustion"
"GSM764752",3.61232714285714,"Low_exhaustion"
"GSM764753",3.68420214285714,"Low_exhaustion"
"GSM764754",3.32576285714286,"Low_exhaustion"
"GSM764755",3.42995642857143,"Low_exhaustion"
"GSM764756",3.69530142857143,"High_exhaustion"
"GSM764757",4.63801142857143,"High_exhaustion"
"GSM764758",3.58568857142857,"Low_exhaustion"
"GSM764759",4.13868428571429,"High_exhaustion"
"GSM764760",4.17630428571429,"High_exhaustion"
"GSM764761",4.59930928571429,"High_exhaustion"
"GSM764762",3.61468857142857,"Low_exhaustion"
"GSM764763",4.70008714285714,"High_exhaustion"
"GSM764764",3.64060571428571,"Low_exhaustion"
"GSM764765",3.30627357142857,"Low_exhaustion"
"GSM764766",4.37735571428571,"High_exhaustion"
"GSM764767",3.92637071428571,"High_exhaustion"
"GSM764768",3.39607571428571,"Low_exhaustion"
"GSM764769",4.24321,"High_exhaustion"
"GSM764770",3.39947071428571,"Low_exhaustion"
"GSM764771",3.66821928571429,"Low_exhaustion"
"GSM764772",3.47251571428571,"Low_exhaustion"
"GSM764773",3.42743214285714,"Low_exhaustion"
"GSM764774",3.06093428571429,"Low_exhaustion"
"GSM764775",3.09248571428571,"Low_exhaustion"
"GSM764776",3.78478071428571,"High_exhaustion"
"GSM764777",3.91058285714286,"High_exhaustion"
"GSM764778",3.72319571428571,"High_exhaustion"
"GSM764779",3.82213071428571,"High_exhaustion"
"GSM764780",3.83434428571429,"High_exhaustion"
"GSM764781",3.67071571428571,"Low_exhaustion"
"GSM764782",3.57165785714286,"Low_exhaustion"
"GSM764783",3.97190142857143,"High_exhaustion"
"GSM764784",4.32532214285714,"High_exhaustion"
"GSM764785",4.16948071428571,"High_exhaustion"
"GSM764786",3.64431214285714,"Low_exhaustion"
"GSM764787",3.93446,"High_exhaustion"
"GSM764788",3.38331642857143,"Low_exhaustion"
"GSM764789",4.58077928571429,"High_exhaustion"
"GSM764790",4.29568785714286,"High_exhaustion"
"GSM764791",3.413155,"Low_exhaustion"
"GSM764792",3.31826071428571,"Low_exhaustion"
"GSM764793",3.67140357142857,"Low_exhaustion"
"GSM764794",4.77757071428571,"High_exhaustion"
"GSM764795",3.49135,"Low_exhaustion"
"GSM764796",3.24667785714286,"Low_exhaustion"
"GSM764797",3.35973571428571,"Low_exhaustion"
"GSM764798",3.29367857142857,"Low_exhaustion"
"GSM764799",3.7967,"High_exhaustion"
"GSM764800",4.00308642857143,"High_exhaustion"
"GSM764801",4.52119857142857,"High_exhaustion"
"GSM764802",3.52184,"Low_exhaustion"
"GSM764803",3.42813642857143,"Low_exhaustion"
"GSM764804",3.57359642857143,"Low_exhaustion"
"GSM764805",3.53881214285714,"Low_exhaustion"
"GSM764806",3.34587857142857,"Low_exhaustion"
"GSM764807",3.44126928571429,"Low_exhaustion"
"GSM764808",3.90377357142857,"High_exhaustion"
"GSM764809",3.52680714285714,"Low_exhaustion"
"GSM764810",3.49894428571429,"Low_exhaustion"
"GSM764811",4.03096857142857,"High_exhaustion"
"GSM764812",4.54180071428571,"High_exhaustion"
"GSM764813",3.35666285714286,"Low_exhaustion"
"GSM764814",4.74604285714286,"High_exhaustion"
"GSM764815",3.73754785714286,"High_exhaustion"
"GSM764816",4.00786214285714,"High_exhaustion"
"GSM764817",5.12337285714286,"High_exhaustion"
"GSM764818",3.44378642857143,"Low_exhaustion"
"GSM764819",3.87479142857143,"High_exhaustion"
"GSM764820",4.68890142857143,"High_exhaustion"
"GSM764821",3.73125,"High_exhaustion"
"GSM764822",4.44925285714286,"High_exhaustion"
"GSM764823",4.12100857142857,"High_exhaustion"
"GSM764824",3.97059214285714,"High_exhaustion"
"GSM764825",4.63746142857143,"High_exhaustion"
"GSM764826",3.22679785714286,"Low_exhaustion"
"GSM764827",4.23356142857143,"High_exhaustion"
"GSM764828",3.55357214285714,"Low_exhaustion"
"GSM764829",3.56842928571429,"Low_exhaustion"
"GSM764830",3.09114928571429,"Low_exhaustion"
"GSM764831",3.79436642857143,"High_exhaustion"
"GSM764832",4.32951214285714,"High_exhaustion"
"GSM764833",3.50563285714286,"Low_exhaustion"
"GSM764834",3.83202,"High_exhaustion"
"GSM764835",3.96642642857143,"High_exhaustion"
"GSM764836",3.45119285714286,"Low_exhaustion"
"GSM764837",3.41895714285714,"Low_exhaustion"
"GSM764838",3.86193,"High_exhaustion"
"GSM764839",3.474195,"Low_exhaustion"
"GSM764840",3.77394071428571,"High_exhaustion"
"GSM764841",3.44098714285714,"Low_exhaustion"
"GSM764842",3.85616142857143,"High_exhaustion"
"GSM764843",4.48276357142857,"High_exhaustion"
"GSM764844",4.50696357142857,"High_exhaustion"
"GSM764845",3.30281714285714,"Low_exhaustion"
"GSM764846",5.30757714285714,"High_exhaustion"
"GSM764847",3.12217,"Low_exhaustion"
"GSM764848",4.03276571428571,"High_exhaustion"
"GSM764849",3.27072214285714,"Low_exhaustion"
"GSM764850",3.68472785714286,"High_exhaustion"
"GSM764851",3.00253857142857,"Low_exhaustion"
"GSM764852",3.83341928571429,"High_exhaustion"
"GSM764853",3.30028642857143,"Low_exhaustion"
"GSM764854",3.90950357142857,"High_exhaustion"
"GSM764855",3.42038785714286,"Low_exhaustion"
"GSM764856",3.24157857142857,"Low_exhaustion"
"GSM764857",4.17405214285714,"High_exhaustion"
"GSM764858",5.79898571428571,"High_exhaustion"
"GSM764859",3.904195,"High_exhaustion"
"GSM764860",3.85321142857143,"High_exhaustion"
"GSM764861",4.284225,"High_exhaustion"
"GSM764862",3.56393,"Low_exhaustion"
"GSM764863",3.89782071428571,"High_exhaustion"
"GSM764864",3.101685,"Low_exhaustion"
"GSM764865",4.64845,"High_exhaustion"
"GSM764866",4.08749785714286,"High_exhaustion"
"GSM764867",5.10335142857143,"High_exhaustion"
"GSM764868",4.70913076387143,"High_exhaustion"
"GSM764869",3.64930072594286,"Low_exhaustion"
"GSM764870",4.43422773370714,"High_exhaustion"
"GSM764871",3.70473689005,"High_exhaustion"
"GSM764872",3.31466942026429,"Low_exhaustion"
"GSM764873",4.49847340316429,"High_exhaustion"
"GSM764874",3.87452243815,"High_exhaustion"
"GSM764875",3.69676091870714,"High_exhaustion"
"GSM764876",3.59343746848571,"Low_exhaustion"
"GSM764877",3.56230363060714,"Low_exhaustion"
"GSM764878",4.81697897567857,"High_exhaustion"
"GSM764879",3.85298758923571,"High_exhaustion"
"GSM764880",3.76323669392143,"High_exhaustion"
"GSM764881",4.52615738042857,"High_exhaustion"
"GSM764882",4.11695492119286,"High_exhaustion"
"GSM764883",4.70906226990714,"High_exhaustion"
"GSM764884",3.66746388642857,"Low_exhaustion"
"GSM764885",3.95384425440714,"High_exhaustion"
"GSM764886",4.20603774488571,"High_exhaustion"
"GSM764887",3.48745329055714,"Low_exhaustion"
"GSM764888",3.88749418732857,"High_exhaustion"
"GSM764889",3.50409614517857,"Low_exhaustion"
"GSM764890",4.36269356993571,"High_exhaustion"
"GSM764891",3.87105750572857,"High_exhaustion"
"GSM764892",4.72002042771429,"High_exhaustion"
"GSM764893",4.41804239090714,"High_exhaustion"
"GSM764894",4.30678633993571,"High_exhaustion"
"GSM764895",4.17085233697143,"High_exhaustion"
"GSM764896",4.96518922695,"High_exhaustion"
"GSM764897",4.27583420087143,"High_exhaustion"
"GSM764898",3.75755004003571,"High_exhaustion"
"GSM764899",3.94050650255714,"High_exhaustion"
"GSM764900",4.34101657785714,"High_exhaustion"
"GSM764901",3.91479959695,"High_exhaustion"
"GSM764902",4.89934626295,"High_exhaustion"
"GSM764903",3.90219107695,"High_exhaustion"
"GSM764904",4.25834169254286,"High_exhaustion"
"GSM764905",3.61177097923571,"Low_exhaustion"
"GSM764906",5.25545894173571,"High_exhaustion"
"GSM764907",3.65835209899286,"Low_exhaustion"
"GSM764908",3.99391154150714,"High_exhaustion"
"GSM764909",4.34811583838571,"High_exhaustion"
"GSM764910",3.45455677950714,"Low_exhaustion"
"GSM764911",3.85910420127857,"High_exhaustion"
"GSM764912",3.56523789843571,"Low_exhaustion"
"GSM764913",3.81718580336429,"High_exhaustion"
"GSM764914",3.91712766507143,"High_exhaustion"
"GSM764915",4.65748158245714,"High_exhaustion"
"GSM764916",3.07668285714286,"Low_exhaustion"
"GSM764917",3.287175,"Low_exhaustion"
"GSM764918",2.98575642857143,"Low_exhaustion"
"GSM764919",4.43186714285714,"High_exhaustion"
"GSM764920",2.96464142857143,"Low_exhaustion"
"GSM764921",3.15398714285714,"Low_exhaustion"
"GSM764922",3.08451071428571,"Low_exhaustion"
"GSM764923",3.12984928571429,"Low_exhaustion"
"GSM764924",3.12380928571429,"Low_exhaustion"
"GSM764925",2.97723857142857,"Low_exhaustion"
"GSM764926",2.91212214285714,"Low_exhaustion"
"GSM764927",2.87477071428571,"Low_exhaustion"
"GSM764928",2.93905,"Low_exhaustion"
"GSM764929",3.16104214285714,"Low_exhaustion"
"GSM764930",3.00727428571429,"Low_exhaustion"
"GSM764931",3.03967357142857,"Low_exhaustion"
"GSM764932",3.33616571428571,"Low_exhaustion"
"GSM764933",4.59819142857143,"High_exhaustion"
"GSM764934",3.75973642857143,"High_exhaustion"
"GSM764935",3.58788214285714,"Low_exhaustion"
"GSM764936",2.92163071428571,"Low_exhaustion"
"GSM764937",2.88336428571429,"Low_exhaustion"
"GSM764938",3.17139357142857,"Low_exhaustion"
"GSM764939",2.89231357142857,"Low_exhaustion"
"GSM764940",2.99439071428571,"Low_exhaustion"
"GSM764941",4.02845428571429,"High_exhaustion"
"GSM764942",3.11929428571429,"Low_exhaustion"
"GSM764943",3.06212571428571,"Low_exhaustion"
"GSM764944",3.08892428571429,"Low_exhaustion"
"GSM764945",2.95375714285714,"Low_exhaustion"
"GSM764946",3.177325,"Low_exhaustion"
"GSM764947",3.94196857142857,"High_exhaustion"
"GSM764948",2.90429571428571,"Low_exhaustion"
"GSM764949",2.97094,"Low_exhaustion"
"GSM764950",4.403165,"High_exhaustion"
"GSM764951",3.22695573885,"Low_exhaustion"
"GSM764952",3.22067640374286,"Low_exhaustion"
"GSM764953",3.30556681203571,"Low_exhaustion"
"GSM764954",4.40263476312857,"High_exhaustion"
"GSM764955",3.41487650415,"Low_exhaustion"
"GSM764956",3.076925534,"Low_exhaustion"
"GSM764957",4.76373939213571,"High_exhaustion"
"GSM764958",3.68320149077143,"Low_exhaustion"
"GSM764959",3.07083110026429,"Low_exhaustion"
"GSM764960",4.40985513375,"High_exhaustion"
"GSM764961",3.33599142857143,"Low_exhaustion"
"GSM764962",3.81136285714286,"High_exhaustion"
"GSM764963",4.35822714285714,"High_exhaustion"
"GSM764964",3.27955214285714,"Low_exhaustion"
"GSM764965",3.45312142857143,"Low_exhaustion"
"GSM764966",3.30643517768571,"Low_exhaustion"
"GSM764967",3.67671642857143,"Low_exhaustion"
"GSM764968",3.35107428571429,"Low_exhaustion"
"GSM764969",3.436775,"Low_exhaustion"
"GSM764970",3.36850571428571,"Low_exhaustion"
"GSM764971",2.96340857142857,"Low_exhaustion"
"GSM764972",3.86461642857143,"High_exhaustion"
"GSM764973",3.66122830986429,"Low_exhaustion"
"GSM764974",3.44813175672857,"Low_exhaustion"
"GSM764975",3.94824470648571,"High_exhaustion"
"GSM764976",3.40706514775,"Low_exhaustion"
"GSM764977",3.66402820572857,"Low_exhaustion"
